e90c477a-0313-4711-a85a-f6fa291c7feb,1542
99795f75-d2fe-4353-a177-a4b8c8cfc01d,1018
79ced5ce-5577-444a-8dee-c305cf8c427d,4211
93642aa8-ff70-4e28-b105-9c57cb954bbb,1019
c7352de6-ddcb-40f3-aa0d-632625eca81a,544
8dea21c1-873d-4e72-b024-2ee39de902b9,546
323b5863-671d-410d-8847-0cbdb186a6e9,6209
603b7ac0-d9f3-4c2e-bc5b-6900837401bf,6230
285d943f-272f-4d25-ac36-f81273593e42,6224
2d5454af-78de-494d-8f7e-197879db24f0,6201
f45fe41d-7e21-41f6-b273-8f9a670bbc34,548
327b8363-1df1-454a-bb6f-2ceadfa0f97a,550
a2d51c4b-b2e2-4a49-8cf4-07bbc6c39e37,551
f3747b80-5c7c-432b-a19b-106edb93bcaf,6299
7364d35f-58dd-4cb4-b98c-2243fcfe2aac,6202
c9d4d532-b7f7-46ad-b33b-83c8bba31b5a,4337
6bd975d6-99d5-4d48-b06b-eb953631c106,4295
cc7338e0-fcee-4803-88a5-9036ed987790,6216
d08eddbf-22e4-43af-943c-79ada198c188,4340
f5176fe2-fcf5-4f57-93cf-3f6678380687,553
ce28e002-004b-4536-a7dd-be76bc95ab18,554
42974813-a227-4128-8268-ed75b69ec868,555
c7512d29-e4c2-42ea-b2f0-b71d534a0361,556
f390999e-d9d0-4775-97e5-d863bc5aed8a,4311
c893c543-733b-4581-af3b-88858f40d135,559
f703039d-6f46-4eb5-9f3e-c9e5163d0554,4325
bcafe765-f8bd-45c2-b351-f5440690f809,561
5e9b9bed-b5b2-497e-ad37-8b05602b1829,563
86346e40-882d-40d1-9408-0327a3594221,1022
304975a5-02ac-4cae-88b7-f1c433d771d6,4316
5e7d62dd-6cbb-47c5-ba4e-351e738e6a00,6207
39247672-beda-47ef-b126-10eea50257fe,4567
e15b4675-2e1d-462c-b969-2b061f60b246,567
44b3ba80-41ee-41c4-b4be-1137df33217d,9529
0bae3a19-06ea-4be7-a4a1-137388ea3eeb,6241
a8475c0b-fb5f-476c-93e5-03f223b7e602,6208
5b323a73-b106-48c6-b385-ae9ec4c13931,4186
87f1360a-d65d-4979-9dc6-62bc1fd45bb2,9650
39c2e312-a983-4499-9463-75b1644ae2ab,9646
ef81e85e-874a-4bbb-ba5d-20c0086f28b4,7457
a7c7ba60-7482-4294-82d2-854953fdf522,571
a04258ad-620d-47f3-a9d5-22042497656d,9660
fc1428ac-abba-4042-a380-f3aa24940efe,4180
6a5ec235-9574-4295-a85a-4fa892c44591,4261
ee355979-9eab-4e7e-8f8f-5734f095f9ed,6204
d42ec9eb-9d8a-44f8-93d1-469267bbaa40,572
1625fcd2-22a3-4185-b349-0b0a557b6053,573
ff9e6767-f8ff-4585-ab41-f47a09e31f1b,6240
d8a5122b-2522-4634-a880-7be03629f627,574
d246a564-6fcf-4005-a830-8b10564f89bd,575
5ffc1027-7e0f-4eb5-ab20-ea8e467665e1,4289
17e49c6d-2e03-47f6-b61f-0ba81e3c0956,576
d399f237-b7ca-4195-a124-7d612f0ff990,6229
2fbce269-f7a9-4ada-9eb0-77f264e9ce02,1395
e5b92695-aae5-462b-b743-663042742a21,6695
1e869f63-b3cd-432b-87a0-55418d19a79a,578
0c6f4ca9-f77a-493a-b495-69c72ff54a34,580
3bb75267-6da6-42f4-8b7c-334ffd8180d8,581
f3c96e7f-c8f9-4cbb-b237-f55498970f03,1366
99940f10-5c96-45df-a970-fda4ed894dee,584
621f4014-49a9-4d6d-bc3b-41a3a04c8203,585
d0111f2c-9478-4e5f-9c7a-da37e21e4838,586
eed94d60-741e-4d58-ad8e-569d61b68a21,587
f8247899-02e9-4333-b11d-347fac8c2993,591
12297831-5d6e-4621-a051-5604a9231ec9,6205
9492ecef-e5cd-4f4c-985c-045bd4c8b8ea,592
902133f8-7466-40e0-98c9-47dbc881a19d,4174
7a254b2f-e974-43bf-b1c4-92794b090a46,4294
837a8fd6-3b32-4b51-b2c0-862b8c8d746e,602
636aa387-89e0-49aa-8a1a-85a00895fe33,603
d589f87f-99b9-476e-aa57-43c169908b53,9619
abc38b03-500b-44a3-9124-94cc0f0cbba9,604
821054f0-ff75-4104-b57e-6b61afde2370,605
981c92d2-7242-43be-aa9b-7ac66a1d63d8,606
ee9d76bd-e481-41a8-b243-666d238f2ef8,607
025aec2d-ba00-4aa7-8f66-fc0f23350ffe,610
e0116c8c-de37-4b98-a255-9f9dda75a051,612
b35205a3-edda-4c2e-9fb5-25770307b519,4210
46cdb710-2a76-4dc8-8421-c417fc1ac3cf,614
3a0dec24-34f1-486e-bdce-46fe6bce8936,617
28f5b4a2-852d-4724-9843-c34032061f5a,618
2c34b310-1387-4852-bf41-dc573573bcb1,621
42fe3e9b-5792-40e5-9440-9c1439976081,7377
4e0e7775-b13d-4c17-a863-465d9ca1658a,1029
aca0a5e7-519d-4aba-a789-10801d063968,4374
a05c6d65-2daf-4dd5-bbdd-85b12cdb8fde,6249
210f099f-c8cc-4c4f-9bc4-0a251917fe2a,625
29051057-e3af-4c37-b136-0b0a1bfa7b42,9076
7df75a01-cf9e-4877-8442-296112804627,629
bff9c1ae-dab0-4852-9ad5-f217d49ffb2d,630
13c94be5-3dd5-45c3-bf5f-18fac393b655,4073
93a1f0c0-3492-45ee-a3ff-d57a68524d71,1031
0d715409-1c64-43ca-bb78-403248f866b3,3859
929cc289-b320-467b-b912-47b9f3c1aac8,6679
507080b0-9664-460a-9c07-1e6b99b260cf,635
78620417-e341-43f9-9259-e8c540718530,638
dd867b65-07fc-48d2-8069-8ba9577ef785,1399
ef86e0c9-f374-4f7f-aca2-a7504ab53898,639
1abfb477-b98b-4c82-a32f-da8fed088832,640
0baea1a0-4e1c-4f20-ba28-96c0932706f0,641
0628015d-7afe-427c-8216-9ef7f0be48dd,645
67915719-6091-4ccf-a44b-9de7fe265613,539
d118f9ee-8a0d-426c-81b9-8bf6ae1e2f9d,6215
621350a8-89c6-4a71-8943-efad7db1d826,646
8d1f884a-721d-4183-8b43-fd2a1601aa3d,647
c0a269a4-a45e-4325-9d53-b76d9c5bb646,1032
3e9027e9-1e7a-4fcf-91db-3b53dc6da02a,6200
513dcc7e-2aeb-46dc-a6c1-733b0253503d,648
25212dab-ac32-4c34-95d7-64d6f3212603,649
76cf5ef7-622a-4eb8-acdf-fa367d6511ff,6248
e3e63e03-c252-4eee-8816-5445bda64961,652
19b050d4-7036-4f8d-821f-772f0b9c99fa,656
4bb6e842-8fba-4b85-a2c2-534c851c4c43,657
9064c870-881a-4f59-b317-8a5222c026a9,9669
3023e03a-8c34-4966-ba21-1f7fca65714b,660
bdd1e885-5d3a-4a50-961b-19ae5445802f,659
02cb8864-9d3e-44b5-941b-b85333fefda5,661
0f940c2a-98dc-4405-ae40-6e3e6160efe6,6206
39f32c16-f341-4831-88e3-b670a6c8ab3a,9665
397d5eaa-9ea6-4b8d-82a6-9e34341f405b,6231
e6ab5237-f76a-41b3-b3d5-57ac8803ef6d,4075
eaf1136c-23d6-4ce6-9a72-ba7f4113f98e,665
fc300f8d-afe7-4920-b4d8-26e38ff87cd7,6227
55af373c-c70e-4995-bf06-41307f8c28ba,666
4650103d-65aa-4566-95ab-3b6864f52d26,667
a7bfdeb7-1890-4d42-a938-83dbd7e77332,668
c24c69fc-d584-44a3-a912-f72e24fd9cd5,1459
c3362bc1-e889-442b-a178-a97ff749edef,6217
23957089-c597-44f1-86ed-78448844f57f,6222
50747a5b-f38c-4d26-96d7-bcb43a2fdb66,669
48c5c62c-232a-4812-9a61-bb75615f38bf,6743
5f38f1c3-cb39-46e3-b62a-8561bdd5f0c8,4339
835085d9-be38-408e-a13c-de1936e85ee5,670
b8ee8dd4-cab3-42b3-84dd-4147680d01a9,4312
fae65ddd-e147-4935-be9e-b373d54659f1,4274
de865013-a472-4576-bec6-c00178d8db98,4276
35af082b-b29f-42e0-a411-0b497f8268fd,4330
8601214b-a2a9-4331-9859-c184fee18363,671
0ff3ad8e-d9bd-4eae-adb7-689800338e25,672
2328bc58-19ab-4f6d-ad45-b629fc6f1a02,6688
bc37163c-fa61-46c6-b3dd-657e10a8d48c,6864
c92578b8-ea0d-45fe-be65-b88a39f121b0,6721
feece052-36c3-4a72-8dfb-69882aa7a4d4,675
067c440c-6536-4db0-988b-ae016259c502,4320
47d82630-80db-4895-98ff-078d573a5c09,4292
04589367-741e-48ee-876f-5bf64d5a00c2,4202
62ff32c0-166b-4e92-a5ae-43d0660c8971,6825
0d948552-8cac-4083-8f78-4198bd9804fc,7604
1bbec15c-774e-418f-84a2-1e0e9a5086cd,678
caf34b70-cecf-4785-9879-5580a241acc1,679
c84b8937-598e-416c-a55a-e153bf4467ac,9651
e2092740-062d-4b3c-a8ca-a263844123a5,4176
7fe2bb22-1657-4dac-8eff-6fbcec6b17b0,681
756a7737-959f-4af7-9a19-007ef9fc1f2b,684
57f3254a-fa28-473a-a7de-0310c5665453,683
0a4f5456-5548-4981-8e1c-21fff8a05ded,685
90be3dd8-1cc7-4314-9360-17532ef321e7,686
2bf2f458-d009-4564-9338-8f22a890f541,6219
600d2fda-7cd2-4b71-9c67-e58536f38ed7,688
e0c1a163-7adb-423e-9a45-6e10ec3aa452,689
65129317-981a-4eb8-a6b0-56328214a09f,1331
860e896a-693e-460e-8188-3f219903ee4e,691
99c729a3-3ff8-4baa-925c-e3ad9650d395,1036
30a067a9-0e92-4344-aab6-029d33ac7828,695
ceb0934c-b5af-472a-840d-fd8a95dae270,696
2b7936fa-e233-414b-98a0-ad5a777cda88,1502
3b7816d7-f594-4504-882c-d7582e4abdca,6896
e94d026e-7e06-4794-b886-3da5afc956cc,4259
fbddd01b-0bef-4827-b331-9361f8457ed7,6236
69004140-1824-4979-b8cb-0d71ab76190e,699
54dc444b-0d63-4bf0-a8f2-f1a097a3cadc,700
029fc882-223e-4417-a885-e9f896b797f8,702
81aad1dc-b7cc-41b0-95e3-7db3efceaf93,705
60aa012f-d558-442c-be54-0a11ac6cda5b,4290
6ddca914-f7b1-480d-b02a-f0327fd5c714,706
9567ca74-36b8-4d5c-a480-7dca896bf6db,707
ba4801f4-cdc1-4b4c-a215-f9a3785d0fdd,4181
2c16d1d7-f948-4e63-8a3d-cfe6094557b1,1037
2ac1215a-3d46-48d5-90c6-fb8035e679b5,1038
d7301d6a-f98b-487f-b1be-5f958988ca9f,7762
f59f63c0-c5be-421d-9c4c-63c323715e7a,4336
814bb901-ed5b-4aec-8073-083907f02c81,709
d9822997-7fe9-4914-b1ca-71542d16ad08,4524
2e3edd4f-9fde-4a2b-ae2e-4290d4325837,6225
6f9d95a6-6bf1-403e-bdee-6a2466ea3469,6214
1ec921cc-af10-4855-aed3-66cfa4e0ae35,6235
ef50e607-3ecc-48ac-a708-39cc022ba7e5,4344
f1d5837a-5552-4b82-88a7-8c1d015d4540,713
70fe6511-fcc9-47f5-9793-c870732c39af,714
c83e7382-1d2c-4deb-8ae0-95ced74d98ee,716
23903769-09b8-426b-ac51-2d2de8885703,4277
8da7f2d1-9b3d-4867-a80c-610d98405332,718
b3635ceb-6884-40ab-bc01-c0f4f5cb9d3d,4194
716b5963-9b98-4fda-9bdc-7d53f8df4984,1039
1a7e469b-924d-4c74-afaf-13326c523310,4179
161d4dff-6a3a-4740-9db8-71b417717384,724
36331feb-00b9-40cc-bf79-822dbb6086b3,4341
115cccb7-3b24-4592-95c5-c7c5e98fe182,4187
cfc384a2-010f-4a25-a248-23d3a886b30a,4184
684495e7-871e-48e1-bd66-0361a1207527,4198
37877888-e332-4f97-9444-95ee29be0853,4185
019d1059-be01-44ea-b584-8458d63235c6,5409
9894dd5c-f87a-4750-8f96-6f3b6b870236,4308
2daf0f73-bbd8-4c83-ae96-9b514d1e683e,6349
5f979d62-c3ab-449f-8673-9a7be903007c,9077
a5039350-988d-4a55-a5b2-a9badc9edbbf,1571
8eb04619-17dc-45a6-ba22-e5565e4d1849,4189
c40d0cc0-b2dc-4c3e-aee8-c4d17911c9bf,4207
80c4f877-5dd1-4fef-bdab-231c4b7f9512,728
67462be3-fb70-4e21-8cbe-0f79c2e5de4c,729
b1c79e8f-280c-47fa-9bbd-a3295398b778,4317
3b9bcbcd-53ce-43dd-99a0-1949bc92fe9d,730
af9ad62b-0b68-47b0-be6f-f2287c24adaa,6197
aaf41f1e-d6ef-4758-8518-aaef7445e78e,6674
27f6d9ed-9ebe-46f1-8303-440bd2b27757,732
55a9d143-48ca-4696-85be-1e09695ae61e,1526
045a85df-71ac-4df4-a5d0-31d487debf3f,1506
e19088dd-14c6-4f67-bd32-c87d24533a17,734
a1f35f03-80b4-4d5d-a888-247212cc5e55,735
a71f2e23-95cb-4492-bb25-2edb714fa78e,4319
e51878b1-d90f-4d51-b004-01a5ddebacbd,4193
732e034b-d0c7-4367-ab3e-215571517b81,736
0220dfaf-3638-48b0-bf7b-a5ed810068ad,737
3a0f3cdc-ac79-4040-94f9-7ae03168b108,9672
1b7ca8bb-03fe-424a-b121-13ef6076c145,4257
0f50d66b-a3df-41dd-a6d8-905fbd746fdb,9649
4c1837ff-fe6f-4429-8928-de31a0932a6c,4209
8d304b2a-fb7e-486e-a31b-f53466881f69,4199
ef5f3675-9f26-4d5b-88ac-0ae0fee8e233,742
b0eef3f0-a145-4067-b3c5-be4d7eafcd50,4327
5192750c-de39-45ad-bf49-1a51639bf696,743
1cd41e5f-9a59-4265-acb8-01af50938396,744
f0085b1c-56f2-4957-aa83-8c260ccb479e,745
fcb2b394-045d-4b91-8fba-7cb8121227d1,6239
be43047d-fbd2-4b69-8b5a-1ad91e3db4db,746
f43c8c51-ec69-42af-a44f-c12ded96b73d,4191
63627a2a-d612-4388-bb70-852653aea677,4310
ccaca382-3fce-4795-9fd5-49b175ec8c1b,1448
67eed950-e154-4afa-a9b1-5dfe27bd6dee,6969
c8dbcc3f-e1d7-4cf5-b5e3-d7587e44781b,749
40f08dbb-4de9-4a5e-a4fc-d86fc5788de3,4182
7d00dcdc-94d7-4b55-ae50-6e74d931e417,1046
ea8a7bbe-dcc8-45d4-a761-b6dc1102a82c,4197
a52ad276-9679-42a3-b1b7-0e89fa14c098,4272
9a1f715c-7d9f-4c11-832e-716933f51ccf,4190
f6a64068-fdd3-42cd-9d10-8cbb32920391,754
892c9410-c4b3-4ad8-a96f-22a5dc3da089,4493
393823b6-499c-4ee5-b9d6-696c6ec13d39,1332
13a7050c-a1f6-4f8a-bb11-046ef80eea77,756
0f219b7b-7b9e-4168-86fd-1a264e3ca1f1,6676
b54c5635-cd29-46d0-8168-40c371f49b4a,6687
3e696a12-7dd6-4b3d-9fbf-869ac3744c38,4309
39781c4c-8d20-4c81-a16f-fbca5a8eca9c,6995
361f74a1-4f7e-485f-b3e9-f2e52aef95a3,6218
4f5d1a8e-41a2-4694-999a-4b8e1afd2949,4343
55dd2925-994f-4a2b-9c36-85cf05d8fcd9,6867
8be0f437-0f2b-4918-9c90-73e21e92e96c,4195
1c50a5c4-e163-485c-96ed-a8279356d78e,4315
3e8cb3b3-1159-435b-8268-0788a8206a07,1402
79451ced-5ce1-4b34-80c5-0a647bcd9b2b,767
4a1db980-d394-4f50-b06b-9c54dc64fadc,785
1533cebd-f42c-42b6-9fe7-3bda0b201293,9652
7646484a-7447-4479-9803-051eaad724f3,770
d256eb70-0856-472e-b276-0a8968631556,6689
bad9918b-6659-4a2b-ba1d-433f35410fa3,4175
371f2d86-ed84-459d-9fe6-fd950c657854,6395
548b65d2-3f2a-4064-94bc-153606eedaf4,7996
f2a2c83f-2bf6-4636-9589-05ff54c54a45,4178
d28c43b0-1c1d-49ee-baa2-a21d4e8b085c,4212
6c793c31-b30b-4769-919a-3f16b16d92dc,774
5d01279d-1207-4725-8761-817e0662f3db,4296
09e605b2-911c-4720-897e-35cbd78a98fe,6232
7c0133aa-26d8-4368-a3bc-1b24a6c1f23b,776
ac2974b0-7db8-4225-b9d4-995d918f073f,777
1f894a0c-e473-426a-91e5-bccd4e76046f,1049
58c96a9e-b31e-4dfc-97f1-8254f5ae384e,6692
fc00de9c-30ee-4646-9201-507ecf73b714,780
b65db08f-ca46-49b2-8bc3-119cbc6a56f7,4219
c87f7993-f78c-4739-bcca-b709a6966fba,781
e1a18016-c588-455f-bbcf-57007faa1da9,782
a2f6c6e6-1c91-469a-8a4d-d6bbf38b071a,4528
d7b5d84f-6f86-4b49-b415-bc919a6776d8,6938
f3c53257-93e4-4635-8b68-f75751d438a7,6228
0ab3d922-4dc7-44e6-b929-d82317f1c784,786
a69edcf3-4fc8-4d32-9239-fb02be286203,787
ecb29e9d-5fe8-47bf-89e8-7ac6d9098fb5,6678
ee05a73d-2624-4b12-86c1-255a08da7361,788
e4e31a0a-b6be-40cc-b2eb-546b4e1ff87f,9671
7b5644bf-07d2-47d4-8ca0-8e6b9f682d94,4342
51459683-fa4f-492d-9075-e592b04a52b4,1403
d695615d-4c44-4cba-a169-2dcd6065a4be,4201
5ec43d51-a4e9-4dcd-afcf-581a905aae0a,793
f3a38e8f-ca6a-4521-8121-2436716c0b74,7605
66de2926-e7fb-406b-ac1b-d6f097f6120d,794
c0fe0e0d-0b94-4344-933b-fabcc54448dd,4291
dea9df0a-68d2-4999-828e-fbcffa5b1e8f,4324
4d238113-c012-49d4-bdc3-d0541f5b9eb3,1564
5e0b1fcc-a28f-4e98-9d0f-b0543983ed86,6683
c02a0c5e-6f7b-4cf4-8f46-658a3629d4e2,796
97a36231-f258-4900-87f6-9f8bb48b03f4,4279
a1c5ef13-c2a7-4cf2-b0bc-b301974faffa,6694
624014a2-6795-40be-83da-ea90c776f4ec,803
b4ca096a-b48d-49d8-b768-4ac61e12c46b,6701
9ca6d504-ff17-4d85-bd1b-75cc09c1896b,1474
2a5c3062-5f83-4781-bd74-5021770cbbca,4328
c8095818-b01d-49b6-941f-e8dc3d540bbf,805
6e38db8b-db8b-4048-a7c8-8e4fc49f44ea,9653
95cec38e-1746-4e0b-b47d-55304c2ed4ea,4205
b4827225-aec5-429f-979f-819f316afd45,806
2b7ad6f1-b74b-42f6-b31b-cf1b182c7896,807
2a8fcde8-4b49-48c3-8441-642a044128a0,6680
6a3f1515-ef3a-484d-ac83-a02268a36647,6724
4bf1eda0-c553-4e3d-bcd1-896c2bf6eb7f,813
ae5369f6-39d2-490a-99ea-a720c93fbd08,4331
2eee58c6-652b-48cb-abb8-5768581eb88b,816
7859c43e-cfc3-4a5d-bc8d-465b0678625f,6685
caa1562a-aa7d-4e4c-82c2-7aa9fd820285,4313
fd4c7b9f-1446-45fe-b3ec-f0be3a54f850,817
044c3246-5842-494f-89df-bc41a4fd2d1f,821
dd7e2ed5-0547-4d1c-b1eb-2ae4aa8c85df,820
55af9801-7140-4ad4-8871-8d1abd201ab1,6488
beb9f704-6b47-49d2-8df8-6f7d77864c27,822
be86df14-e4f8-4e43-9432-84686fc8e0c4,4214
e64b1d81-d8dd-44e9-b307-f5e336f172b9,7979
d52b06b3-7a97-4fa5-a8e6-5a29d1714f40,825
d74ba7fa-bd6b-4cf4-9c87-227a1db42999,4204
2ba0adac-2470-43e3-8403-b142af0db05f,7603
c4e3374e-12ba-477b-b654-abd17a9b343c,826
67521c69-2ac3-4bcd-8b96-c809d18ae80d,4177
a81b5829-77c1-4451-aed1-b4cc1cf7fda0,4192
e0d008d3-cb37-40dd-9023-896a6d043b63,828
848e70b7-d12f-4624-945d-117a56aa0f1b,829
05718eb9-80fa-4958-a09c-cecb99c9ce4c,831
a178ee5e-cbf7-4b2c-9f9d-4be14caee324,4332
b1481ce7-ebac-4bff-be36-14afb6ec3804,6968
d93d31f8-8ca8-4092-acaa-80432ef64142,834
54b70ff9-420b-449e-9d0f-b9071f318109,833
ca4d1c26-d6e7-4d9f-bfaf-d72e6f25b9e5,836
7ff2877c-0b67-4a05-8a01-8a9211925bf3,837
4f391888-4f98-43da-a79e-5b01a9d724cf,1528
770ae819-4e7f-4cd3-9723-931d16ac6901,4258
09ea0ca1-8d09-46c1-9628-9dae4de812c7,840
3f9f3a08-8189-402f-91d3-67526a6ca7a7,4549
5341ff8c-20e9-44aa-aeee-e0a011c2c84a,6681
2fda2fce-6cc6-4f76-8798-21ea7a46593a,4262
e1c9486d-5d6b-4ddb-a92f-12d91c76b9f3,844
e0dd1766-033c-4137-80d5-4aaa91f13eca,846
02757ec8-7afc-4536-8d33-cab799bac22f,1058
97db0b3d-b72c-4317-aff0-5b7351bf253b,847
32e23823-d88f-4501-b9df-f30c5c10a52b,849
a32d7778-6bd3-48ee-a356-2e3ab406db6f,9673
a1d9e2da-f187-4103-b050-394c2dd9613f,855
2dcbfb1f-a3d0-4119-8b89-283770fbfe71,7460
16604189-a35a-4d97-9d42-2759121fbd35,9516
ca86cb9a-4923-48df-a402-bf0d5e145c29,4323
cd47fc79-4846-485b-8513-294387149e54,4321
16f3091c-457a-4970-bafb-6f5a5083902e,860
486312af-cc85-4cff-afbc-950235638cc4,7376
a1249bcc-d1ee-4240-874d-c350fee5bc76,1930
5c78d0fd-49ba-47d0-9620-f9511d368516,4263
37470911-5e96-402f-ba29-affff7d61017,862
8f25cdad-f369-43e0-a068-0d6d2dbbb48e,4329
47b436f5-93d0-4010-a710-da91710040d8,9670
dc0f96d9-e067-414c-9bd9-939fe39b86a7,864
180f6b0e-865a-430e-a117-0a8deb0d241a,865
cea106d5-629c-449d-ac30-f4f392b26b7c,6684
1591b26b-50b2-4628-a68e-712f33eb3ce0,6686
04b18db7-af91-4d27-8f54-b5b31e8b2446,4268
59f3fa78-78fc-4ca1-9a05-99b61b54de14,4074
dad867e5-d383-48ad-ae91-3ada889bddc1,869
d5c501fe-65c8-4580-b768-c8a289899fd1,1059
4faabe5c-0953-429d-934a-a4a28cda5d25,871
0529c3c1-96c9-42b8-a56d-d5be65c93acd,873
d01dd67a-3c25-4541-a25f-fcff5404d2ab,4208
7f247717-1aed-46a5-84d4-566c296c158f,878
0cf8afe9-1a45-4692-ba90-3d1497744767,881
f30f87a7-9178-408c-a2f5-43218cfd335d,880
de3f69c5-bc04-428d-812f-db5e478679b7,882
d287ac5f-ce35-4570-b217-7005605d99d4,883
338db6bd-f90c-44c3-81c7-5c769c3d2ad8,884
7484bc57-9640-4192-b917-4223f9c39949,886
4f632a65-31f3-4a2e-ae94-b05e922b8458,540
dbdc7c00-0b82-4c2b-b5bc-f26f431b8fa2,7006
0c726e19-c486-4e44-a3f7-050694443fef,888
b56efaea-762d-40f5-be4c-3ddc094e43fa,889
efd6ae4f-707a-45cf-91ad-f606377c7130,4196
e703f5ed-ff28-4ebf-88c0-5ea7f47536b5,1404
895fbf68-42f4-494b-8d91-b9c6c8122ce6,891
3234c718-e716-4974-8526-b2539b8b0067,5225
acf1e9bd-a523-4805-85da-8092edeaea94,6397
2eef19b8-93f9-420c-be2d-78095c8772e8,1063
58dbced2-7174-4c7b-9f54-14f9aa32fbd3,898
f9409537-fb52-4a14-ae33-72d46005933e,901
e000830e-cf05-46ef-a8d1-ce45af483a85,900
53ba8a6a-58eb-4df5-97be-6d24e6423368,899
139576e6-8fff-465b-8936-f1948deed9cb,4275
ac3f2d0c-1966-4041-9c6e-b7bd761d51e4,6675
1b22fa3f-d9e1-485c-ac0a-4f5286c9cd6f,4173
f0db9762-15bd-4d40-94de-9e77dd0d6d44,902
9d37aa5d-0a86-4978-ace6-b358115c556c,903
e29ee895-eabd-4483-a68b-4d7f818f4f76,4270
07e1f661-19f6-464d-9386-d2a132b37f17,1064
afcd90cd-44c5-4f26-8d06-d6c4f2561dcc,4273
ee2d1b87-9276-478f-bc30-9eda165f0884,9643
b125dc72-aa32-4d8d-b8d6-bfe1a4f02054,6226
ec94ba1b-0053-49d3-87d4-8a26d98049f6,6582
5b1a4d88-2678-4158-b5f7-18e49dbe2c66,907
b4b6d069-2e40-457d-8126-0697431c9602,909
a18f5a7b-6276-42ec-ac40-61c8b1c08bfe,6242
8c2f5b5c-c889-459e-8f38-0fed1538cfd6,1433
12b37be1-2d84-451b-82dd-0e29abc11385,914
7f19a40a-0135-486c-8d94-15a40cb69273,9684
8596ebe3-5ec2-40b1-a051-cd4922313a6e,4318
3787e457-f7b6-48eb-b688-7b910f6dc361,921
96cbdb2e-2268-4b27-a7df-52a1795443b8,1520
671e8c42-ec57-4ef2-a011-c1f667ea33ba,1584
4cacb004-7863-47f0-9804-a06369962d62,922
f271f802-6eaa-43e4-acac-a81350c64209,9683
780dfff3-b1e8-4c63-a858-3089457ede0d,924
cf7c52c1-6675-4332-901f-ec72d1237a02,6476
f3673350-3ef0-4888-808c-43eeaf87999e,7763
15133367-aba1-4fc8-a62b-e05ecac9afc5,7761
fa323d3a-6f95-4caf-a303-1967daebe821,927
1537d4f1-14c0-43eb-adc1-aabb8c7946bc,6677
66542893-9b6b-4892-a56b-056ab2756338,4188
b8e301a8-c064-4167-a97b-12273718db36,1066
82139443-b970-42ca-82e7-85b84f22915b,933
7f9a782a-38e5-4100-8ab5-66fa02d591a8,934
4472ca07-98c0-49b1-858c-89ccbf0bd206,935
a967f35d-36d4-407f-9a02-4143248a3fda,936
b569cc6c-a197-4531-9a8c-b2a17f8318e2,4322
88e6b139-3bdc-477d-b1ad-a4091392ca4f,938
966b7bfc-a48f-4f21-83a5-95d4b22c750d,939
21ad2313-5d8d-4f7d-ab53-0c1812e9e8f5,9667
5dd3cb25-7a7e-4b77-afae-77d9018e76e5,1460
3f15602c-36c8-457c-a981-8cc05a5712e1,944
375023a5-125e-4ce3-a0ae-27ed93ea238b,6994
8f9b6bb1-2728-493b-89cf-8ae307e32665,951
cdd0b3fa-a4dd-4dfa-a211-ea641d3c53f3,6210
1c3aa0b5-2a93-4887-ad16-b500d4127f77,954
4f7a1db9-49b9-45e7-90e4-9b795f3d3e68,6220
868cabc3-ceba-4b77-b612-4bf531d526e3,955
e6ebdf9d-bc57-40dc-aeda-38b4c83a6290,958
c6063703-6068-4aed-ba3b-33a266922be0,962
f32bc83b-6783-4b05-b92d-f0a11c3bc9b1,964
e22e87a5-6170-4b9b-8bcb-a54e7abcf274,6221
27c4074e-1c42-452f-8e71-55990006a65d,966
31063316-38f2-4f36-aabd-f4dc166f187c,967
47121545-5266-438c-9a81-3a4151c60ef5,4213
cfda90df-1d9d-43d2-9ccf-a0b46b72a483,5350
0d6fdfae-44c1-4dda-966c-89d97d99f60d,970
d9bfe219-b347-4a6a-8483-50fefab94126,4278
4b843766-a5bc-46b2-be61-3fa943fd6af8,4590
76288f1a-6284-4e67-b9a4-25a7233ce4bc,973
e0331040-3fd0-4a22-a0c1-bb48ce010e86,9648
8d3becec-c6cf-4d10-958a-bfa619f7ac97,1616
2ad55aa2-a036-452c-a740-f4f83cb3b400,4203
f0fc9a82-b5be-409d-8cfc-0bd74524b75d,9644
32af561c-aca2-4707-9844-b719849c16c1,977
b3f0042b-c35a-4e28-a015-812619433e8a,4314
065807fc-8d0c-4812-b65c-7ee869f6d536,978
5c5bb3a8-4221-453e-b160-e235b9cca4f2,5226
e00f814b-db36-4f68-8f62-86449f0221cb,7069
9ea3dfe1-d220-4c7b-8f02-37bb6eeecf8d,982
c1d67a06-3339-4680-a624-aa7f7bfc1330,4269
44b74b82-cf40-474e-b525-36e4b83c38fd,4200
814bd797-e29c-46d7-bafb-d2b5336afc84,983
18828e6e-90b4-45fc-bab9-e14e5b3bff78,9624
b25e9445-f3e9-41a9-91b0-2961f6bafc73,6897
c209f666-dea5-4c82-af7a-79bf78181003,987
5b5e79c5-67e1-4e1b-8c13-e1d179cd649f,6203
191d5b66-a26a-4ed9-9aa5-4c356af1df8b,1016
ce3612f5-90cd-4c92-9401-0e775e9b9a8a,1017
388993a4-44c3-44d2-8333-630f2440eae1,996
78010279-4569-4cde-824c-bcb88bf800c6,6213
d287921d-eac4-4d95-a9ae-ab657e9bc94e,989
10c5b8ac-0420-4f94-8cb1-be97af8a1ed9,991
976920dd-64ca-4979-a308-8feda7c2d8f8,4338
af3a504a-4911-4812-bbe2-ae256b820056,6268
511738a9-d0f9-4189-90c8-9c7590c0b38a,6223
2672762d-1cb8-4833-82e2-0b16202f1408,6212
d2976e18-668f-42df-bedd-2f9fe4ef8267,1601
db8f62a9-969a-495f-abea-09f31a6e91b0,998
d8a83886-ed2b-4c9d-84cf-6dfbc4cf526a,9267
1d2006c6-dce6-48ab-8da0-ab373a7b5fbe,6199
59c7f970-f31d-413f-a488-93d7e82ed094,1002
9eebd684-f983-4a9c-8d86-a7e1b33eec64,6211
bcadd0fe-36ce-4a77-beb0-5d9a0439134d,9666
48812f0c-4831-4680-adc0-69433fa44820,9674
1322c976-1239-4af1-b362-cc60bd0dfc38,9647
4e884ab0-11d9-4b5f-be96-d8bece6c4395,1005
45d74a4e-ceb7-45b2-9339-5126e635080d,4260
7b6bc757-8abe-4b31-8595-2140d1c57f67,1007
55cda8d6-923a-424d-930d-4134b267d9d3,9685
b5e744c2-de8c-424f-825f-208fb1d59374,1008
41233298-3839-4bb1-8874-a3fe6fa6161c,4183
20b39b2a-19cd-4524-aef5-4315b3585640,1011
19f42ebc-4a12-4032-a5b9-05bad8e67c85,1013
ea396f90-43bd-4411-b3ed-87865c9be98f,4395
